ID,Birthdate,Deathdate,HospitalEncounter1,HospitalEncounter2,HospitalEncounter3,HospitalEncounter4,HospitalEncounter5,HospitalEncounter6,HospitalEncounter7,HospitalEncounter8,HospitalEncounter9
1,1985-09-10,2023-05-01,1987-04-15,1990-07-20,1993-12-25,1998-06-30,2002-11-05,2006-12-10,2011-03-15,2016-09-20,2020-12-25
2,1993-04-21,2022-08-15,1996-11-25,1999-08-30,2003-02-04,2008-07-10,2011-12-15,2015-09-20,2018-04-25,2020-11-30,2022-02-04
3,1978-11-30,2010-03-05,1983-05-10,1987-02-14,1991-09-19,1995-06-24,1999-01-29,2003-08-05,2008-03-10,2012-10-15,2017-05-20
4,1990-08-13,2023-02-28,1994-01-21,1997-10-26,2002-05-02,2006-02-06,2010-09-13,2015-04-18,2018-11-23,2020-08-28,2022-03-05
5,1997-06-25,2022-09-17,2001-01-30,2005-11-06,2010-06-11,2014-03-18,2017-10-23,2020-05-28,2021-12-02,2022-07-07," "
6,1983-01-19,2015-11-12,1986-08-25,1990-05-31,1994-03-05,1998-12-09,2003-07-15,2008-02-19,2012-11-25,2017-06-30," "
7,1992-10-06,2023-07-08,1995-05-12,1999-02-15,2003-09-21,2008-04-26,2011-11-01,2015-08-06,2019-03-11,2022-10-16,2023-03-23
8,1979-07-23,2018-06-07,1983-02-25,1987-12-01,1992-09-06,1997-04-11,2000-11-16,2004-08-21,2009-03-27,2013-10-01,2018-05-06
9,1995-12-15,2022-04-10,1999-07-19,2003-04-23,2007-01-28,2010-10-03,2015-05-08,2018-12-13,2020-09-18,2022-02-22," "
10,1986-09-05,2021-08-30,1989-04-10,1993-01-15,1996-10-21,2000-07-26,2004-04-30,2008-02-04,2012-11-09,2016-08-14,2020-05-19
11,1999-02-17,2022-12-24,2002-09-30,2005-07-05,2009-04-10,2013-01-15,2016-10-20,2020-07-25,2022-02-28," "," "
12,1984-06-07,2017-05-02,1987-11-12,1991-08-17,1995-05-22,1999-02-25,2003-11-31,2008-07-05,2013-02-10,2016-11-15," "
13,1993-11-30,2020-10-15,1997-07-10,2001-04-15,2005-01-20,2008-10-25,2012-07-30,2016-05-04,2019-12-09," "," "
14,1977-03-21,2011-01-10,1980-10-16,1984-07-21,1988-04-26,1991-12-01,1995-09-06,1999-06-11,2003-03-16,2007-12-21,2010-10-26
15,1992-08-14,2022-07-18,1996-03-24,1999-12-28,2003-10-03,2007-07-08,2011-04-13,2014-11-18,2018-08-23,2021-05-28,2022-03-04
16,1980-05-07,2018-03-29,1983-12-12,1987-09-16,1991-06-21,1995-03-26,1998-12-31,2002-10-05,2006-07-10,2010-04-15,2014-01-20
17,1997-03-12,2023-01-25,2000-10-28,2004-07-02,2008-04-07,2011-11-11,2015-08-16,2019-05-21,2022-12-26," "," "
18,1981-10-05,2010-09-19,1984-05-11,1988-02-15,1991-11-21,1995-08-26,1999-05-01,2003-02-05,2006-11-11,2010-08-16," "
19,1993-07-28,2022-12-31,1997-02-11,2000-11-17,2004-08-22,2008-05-27,2012-02-01,2015-11-07,2019-08-12,2021-05-17,2022-02-22
20,1979-11-16,2013-09-20,1983-06-26,1987-03-02,1990-12-07,1994-09-11,1998-06-16,2002-03-21,2005-12-26,2009-09-30,2013-07-05
21,1998-02-09,2022-11-25,2000-09-30,2003-07-05,2007-04-10,2011-01-15,2014-10-20,2018-07-25,2022-02-28," "," "
22,1982-06-21,2017-05-26,1985-01-01,1988-10-06,1992-07-11,1996-04-16,2000-01-21,2003-10-26,2007-07-31,2011-05-05,2015-02-10
23,1995-11-18,2022-06-22,1999-06-29,2003-04-04,2007-01-09,2010-10-14,2014-07-19,2018-04-24,2021-11-29," "," "
24,1978-04-13,2011-02-28,1981-11-05,1985-08-10,1989-05-15,1993-02-20,1996-11-25,2000-08-30,2004-06-04,2008-03-09,2011-12-14
25,1992-09-06,2023-05-11,1996-04-18,1999-11-23,2003-08-28,2007-05-03,2011-02-08,2014-11-13,2018-08-18,2022-05-23," "
26,1981-01-01,2010-08-30,1983-08-05,1987-05-10,1990-12-15,1994-09-19,1998-06-24,2002-03-29,2005-12-03,2009-09-07," "
27,1994-10-27,2022-03-02,1998-05-04,2001-12-09,2005-09-13,2009-06-18,2013-03-23,2017-12-28,2021-10-02," "," "
28,1979-03-10,2014-12-15,1982-10-20,1986-07-25,1990-04-29,1994-02-02,1997-11-08,2001-08-13,2005-05-18,2009-02-23,2012-11-29
29,1995-08-03,2020-07-07,1999-03-12,2002-10-17,2006-07-22,2010-04-27,2014-02-01,2017-11-06,2021-08-11," "," "
30,1980-02-29,2013-12-31,1982-10-06,1986-07-12,1990-04-17,1994-01-22,1997-10-28,2001-07-03,2005-04-08,2009-01-13,2012-10-18
31,1998-05-22,2023-11-26,2000-12-30,2004-10-05,2008-07-10,2012-04-15,2016-01-20,2019-10-25,2023-07-30," "," "
32,1981-11-30,2011-06-15,1984-07-05,1988-04-10,1992-01-15,1995-10-20,1999-07-25,2003-04-30,2007-02-04,2010-11-09," "
33,1992-06-08,2022-05-13,1995-01-17,1998-10-23,2002-07-28,2006-05-02,2010-02-07,2013-11-12,2017-08-17,2021-05-22," "
34,1978-02-13,2016-12-18,1981-09-24,1985-06-29,1989-04-03,1993-01-08,1996-10-13,2000-07-18,2004-04-23,2008-01-28,2011-10-03
35,1996-11-16,2022-04-21,2000-06-24,2003-03-29,2006-12-03,2010-09-07,2014-06-12,2018-03-17,2022-01-21," "," "
36,1980-06-11,2011-11-16,1983-01-21,1986-10-27,1990-08-01,1994-05-06,1998-02-10,2001-11-16,2005-08-21,2009-05-26," "
37,1993-02-01,2022-06-06,1996-09-06,1999-06-11,2003-03-17,2007-12-22,2011-09-26,2015-06-01,2019-03-07,2022-12-11," "
38,1979-09-15,2011-08-20,1983-04-25,1987-01-30,1990-11-05,1994-08-10,1998-05-15,2002-02-20,2005-11-25,2009-08-30,2011-08-31
39,1996-01-09,2022-09-13,1999-08-15,2003-05-20,2007-02-24,2010-11-30,2014-09-04,2018-06-09,2022-03-14," "," "
40,1982-03-05,2017-02-08,1985-10-15,1989-07-20,1993-04-24,1997-01-29,2000-11-03,2004-08-08,2008-05-13,2012-02-18,2015-11-23
41,1994-09-27,2022-03-03,1998-04-06,2001-11-11,2005-08-16,2009-05-21,2013-02-25,2016-11-30,2020-09-04,2022-06-09," "
42,1979-04-20,2013-02-24,1982-11-30,1986-09-04,1990-06-09,1994-03-15,1997-12-20,2001-09-25,2005-06-30,2009-04-04,2013-01-09
43,1995-01-11,2020-12-15,1998-08-20,2002-05-25,2006-02-28,2009-12-04,2013-09-08,2017-06-12,2021-03-17," "," "
44,1982-05-24,2016-04-28,1985-12-02,1989-09-07,1993-06-11,1997-03-17,2000-12-21,2004-09-25,2008-06-30,2012-04-04,2016-01-09
45,1993-10-02,2022-02-05,1997-05-09,2000-12-14,2004-09-18,2008-06-23,2012-03-28,2015-12-02,2019-09-07,2023-06-11," "
46,1979-08-25,2015-07-31,1983-03-05,1986-12-09,1990-09-13,1994-06-17,1998-03-23,2001-12-28,2005-10-02,2009-07-07,2013-04-11
47,1995-05-18,2022-10-22,1999-12-22,2003-09-27,2007-06-01,2011-03-06,2014-12-11,2018-09-15,2022-06-20," "," "
48,1981-01-31,2010-11-05,1983-09-10,1987-06-15,1991-03-20,1994-12-25,1998-09-29,2002-07-04,2006-04-09,2010-01-14," "
49,1994-04-24,2022-03-29,1998-01-31,2001-11-06,2005-08-11,2009-05-16,2013-02-20,2016-11-25,2020-08-30,2022-08-30," "
50,1979-09-17,2011-08-22,1983-05-27,1987-02-01,1990-11-07,1994-08-12,1998-05-17,2002-02-21,2005-11-26,2009-08-31,2011-08-31
51,1996-03-04,2023-01-07,2000-10-11,2004-07-16,2008-04-20,2012-01-25,2015-10-31,2019-08-04,2023-05-09," "," "
52,1980-08-27,2014-07-01,1983-04-06,1987-01-10,1990-10-15,1994-07-20,1998-04-25,2002-01-30,2005-11-03,2009-08-08,2013-05-13
53,1992-10-20,2022-09-24,1996-05-29,1999-12-03,2003-09-07,2007-06-12,2011-03-17,2014-12-22,2018-09-26,2022-06-01," "
54,1978-05-13,2011-03-18,1981-12-22,1985-09-26,1989-06-01,1993-03-07,1996-12-11,2000-09-15,2004-06-20,2008-03-25,2011-12-29
55,1995-12-06,2022-04-11,1999-07-17,2003-04-22,2007-01-27,2010-10-02,2014-07-07,2018-04-12,2022-01-17," "," "
1,1980-01-01,2005-05-05,1982-03-01,1985-06-03,1988-09-05,1991-12-07,1995-03-09,1998-06-11,2001-09-13,2004-12-15,
3,1985-03-03,2010-06-06,1987-06-03,1990-09-06,1993-12-09,1997-03-12,2000-06-15,2003-09-18,2006-12-21,2010-03-24,
5,1988-05-05,2015-08-08,1990-08-05,1993-11-07,1997-02-09,2000-05-13,2003-08-15,2006-11-17,2010-02-19,2013-05-23,
7,1982-07-07,2012-10-10,1984-10-07,1987-01-09,1990-04-11,1993-07-13,1996-10-15,1999-01-17,2002-04-19,2005-07-21,2008-10-23
9,1986-09-09,2014-12-12,1988-12-09,1992-03-11,1995-06-13,1998-09-15,2001-12-17,2005-03-19,2008-06-21,2011-09-23,
11,1980-11-11,2007-02-14,1983-02-11,1986-05-14,1989-08-17,1992-11-20,1996-02-22,1999-05-25,2002-08-28,2005-11-30,
13,1985-01-13,2010-04-16,1987-04-13,1990-07-16,1993-10-18,1997-01-20,2000-04-22,2003-07-25,2006-10-27,2010-01-29,
15,1988-03-15,2015-06-18,1990-06-15,1993-09-17,1996-12-20,2000-03-22,2003-06-24,2006-09-26,2009-12-28,2013-03-31,
17,1982-05-17,2012-08-20,1984-08-17,1987-11-19,1991-02-21,1994-05-24,1997-08-26,2000-11-28,2004-02-29,2007-06-02,2010-09-04
19,1986-07-19,2014-10-22,1988-10-19,1992-01-21,1995-04-23,1998-07-25,2001-10-27,2005-01-29,2008-05-02,2011-08-04,
21,1980-09-21,2007-12-24,1982-12-21,1986-03-23,1989-06-25,1992-09-27,1995-12-29,1999-03-02,2002-06-04,2005-09-06,
23,1985-11-23,2011-02-25,1987-02-22,1990-05-25,1993-08-27,1996-11-29,2000-03-02,2003-06-04,2006-09-06,2009-12-08,
25,1988-01-25,2015-04-28,1990-04-25,1993-07-28,1996-10-30,2000-02-01,2003-05-04,2006-08-06,2009-11-08,2013-02-10,
27,1982-03-27,2012-06-30,1984-06-27,1987-09-29,1990-12-31,1994-04-03,1997-07-05,2000-10-07,2004-01-09,2007-04-11,2010-07-13
29,1986-05-29,2014-08-31,1988-08-29,1991-11-30,1995-03-02,1998-06-04,2001-09-06,2004-12-08,2008-03-12,2011-06-14,
31,1980-08-01,2007-11-04,1982-11-01,1986-02-03,1989-05-06,1992-08-08,1995-11-10,1999-02-12,2002-05-15,2005-08-17,
33,1985-10-03,2010-01-06,1987-01-01,1990-04-04,1993-07-07,1996-10-10,2000-01-12,2003-04-15,2006-07-18,2009-10-20,
35,1988-12-05,2015-03-08,1990-03-05,1993-06-07,1996-09-09,1999-12-11,2003-03-13,2006-06-15,2009-09-17,2012-12-19,
37,1982-02-07,2012-05-10,1984-05-07,1987-08-09,1990-11-11,1994-02-13,1997-05-16,2000-08-18,2003-11-20,2007-02-22,2010-05-24
39,1986-04-09,2014-07-12,1988-07-09,1991-10-11,1995-01-13,1998-04-15,2001-07-17,2004-10-19,2008-01-21,2011-04-23,
41,1980-06-11,2007-09-14,1982-09-11,1986-12-13,1990-03-15,1993-06-17,1996-09-19,1999-12-21,2003-03-23,2006-06-25,
43,1985-08-13,2010-11-16,1987-11-13,1991-02-15,1994-05-18,1997-08-20,2000-11-22,2004-02-24,2007-05-26,2010-08-28,
45,1988-10-15,2015-01-18,1990-01-15,1993-04-17,1996-07-19,1999-10-21,2003-01-23,2006-04-25,2009-07-27,2012-10-29,
47,1982-12-17,2012-03-21,1985-03-17,1988-06-19,1991-09-21,1994-12-23,1998-03-25,2001-06-27,2004-09-29,2007-12-31,2011-03-03
49,1986-02-19,2014-05-23,1988-05-19,1991-08-21,1994-11-23,1998-02-25,2001-05-28,2004-08-30,2007-11-01,2011-02-03,
51,1980-04-21,2007-07-24,1982-07-21,1986-10-23,1990-01-25,1993-04-27,1996-07-29,1999-11-01,2003-02-02,2006-05-04,
53,1985-06-23,2010-09-26,1987-09-23,1990-12-25,1994-03-27,1997-06-29,2000-09-01,2003-12-03,2007-03-05,2010-06-07,
55,1988-08-25,2015-11-28,1990-11-25,1994-02-27,1997-06-01,2000-09-03,2003-12-05,2007-03-07,2010-06-09,2013-09-11,
57,1982-10-27,2012-01-30,1984-01-27,1987-04-29,1990-07-31,1993-11-02,1997-02-03,2000-05-05,2003-08-07,2006-11-09,2010-02-11
59,1986-12-29,2014-03-03,1989-03-01,1992-06-03,1995-09-05,1998-12-07,2002-03-09,2005-06-11,2008-09-13,2011-12-15,
61,1980-03-01,2007-06-05,1982-06-01,1985-09-03,1988-12-05,1992-03-08,1995-06-10,1998-09-12,2001-12-14,2005-03-16,
63,1985-05-03,2010-08-06,1987-08-03,1990-11-05,1994-02-06,1997-05-08,2000-08-10,2003-11-12,2007-02-13,2010-05-15,
65,1988-07-05,2015-10-08,1990-10-05,1994-01-07,1997-04-09,2000-07-11,2003-10-13,2007-01-15,2010-04-17,2013-07-19,
67,1982-09-07,2012-12-10,1984-12-07,1988-03-09,1991-06-11,1994-09-13,1997-12-15,2001-03-17,2004-06-19,2007-09-21,2010-12-23
69,1986-11-09,2014-02-12,1988-02-09,1991-05-12,1994-08-14,1997-11-16,2001-02-18,2004-05-20,2007-08-22,2010-11-24,
71,1981-01-11,2008-04-14,1983-04-11,1986-07-13,1989-10-15,1993-01-17,1996-04-19,1999-07-21,2002-10-23,2006-01-25,
73,1986-03-13,2011-06-16,1988-06-13,1991-09-15,1994-12-17,1998-03-19,2001-06-21,2004-09-23,2007-12-25,2011-03-29,
75,1989-05-15,2016-08-18,1991-08-15,1994-11-17,1998-02-19,2001-05-23,2004-08-25,2007-11-27,2011-02-28,2014-06-02,
77,1983-07-17,2009-10-20,1985-10-17,1989-01-19,1992-04-21,1995-07-23,1998-10-25,2002-01-27,2005-04-29,2008-08-01,
79,1987-09-19,2014-12-22,1989-12-19,1993-03-21,1996-06-22,1999-09-24,2002-12-26,2006-03-28,2009-06-30,2012-10-02,
81,1981-11-21,2009-02-24,1984-02-20,1987-05-23,1990-08-25,1993-11-27,1997-02-28,2000-06-01,2003-09-03,2006-12-05,
83,1987-01-23,2014-04-28,1989-04-23,1992-07-25,1995-10-27,1999-01-29,2002-05-02,2005-08-04,2008-11-06,2012-02-08,
85,1980-03-25,2007-06-28,1982-06-25,1985-09-27,1988-12-29,1992-03-01,1995-06-03,1998-09-05,2001-12-07,2005-03-09,
87,1985-05-27,2010-08-30,1987-08-27,1990-11-29,1994-02-01,1997-05-04,2000-08-06,2003-11-08,2007-02-10,2010-05-14,
89,1988-07-29,2015-11-01,1990-10-29,1994-01-31,1997-05-03,2000-08-05,2003-11-07,2007-02-09,2010-05-13,2013-08-15,
91,1982-09-30,2012-01-03,1984-01-30,1987-05-03,1990-08-05,1993-11-06,1997-02-07,2000-05-09,2003-08-11,2006-11-13,2010-02-15
